{"lang":"en","page":{"pageTitle":"Service Updates","pageSubtitle":"Coming June 23, 2024","introP1":"Starting June 23, 2024, Metro is making changes to bus service to provide more frequent and reliable trips to get riders where they need to go, when they need to go.","introP2":"Download a PDF summary of the latest updates in:","download":"Download","lineListTitle":"These lines have updates:","update":"Update:","reason":"Reason:","schedule":"New schedule","map":"See Map","privacy":"Privacy Policy","terms":"Terms of Use","contact":"Contact Us","translate":"Translate","selectLanguage":"Select Language","takeone_label_en":"English","takeone_label_es":"Español (Spanish)","takeone_label_hy":"հայերեն (Armenian)","takeone_label_zh-tw":"中文 (Chinese Traditional)","takeone_label_ko":"한국어 (Korean)","takeone_label_ja":"日本語 (Japanese)","takeone_label_ru":"русский (Russian)","takeone_label_vi":"Tiếng Việt (Vietnamese)","takeone_file_en":"test.pdf","takeone_file_es":"","takeone_file_hy":"","takeone_file_zh-tw":"","takeone_file_ko":"","takeone_file_ja":"","takeone_file_ru":"","takeone_file_vi":"","intro_02":"We’re improving frequency on bus lines 152 (Roscoe Bl), 158 (Woodman Av), 166 (Nordhoff St), 265 (Paramount Bl) and 686 (Allen Av, merging with Line 267) to help promote and accommodate increasing ridership.","intro_03":"We are also adding a trip or two to Lines 14, 81, 165, and 169 weekdays and Line 62 Saturdays to add capacity in response to increased ridership.","intro_04":"We’re improving reliability through adjusting the following schedules to better reflect actual travel times so our riders will wait less time at stops:\r\n\r\nWeekdays (total 49 lines): 2, 4, 14, 20, 28, 33, 37, 51, 66, 78, 81, 90, 92, 102, 108, 110, 111, 120, 158, 161, 169, 182, 206, 210, 211, 212, 215, 217, 222, 232, 234, 237, 256, 260, 265, 266, 267, 268, 294, 577, 602, 605, 611, 662, 665, 720, 761, 910, 950\r\n\r\nSaturdays (total 42 lines): 4, 20, 28, 33, 45, 51, 53, 55, 78, 81, 90, 92, 102, 108, 110, 111, 120, 125, 165, 169, 180, 182, 204, 206, 207, 210, 212, 222, 232, 234, 256, 265, 266, 267, 268, 602, 605, 662, 665, 720, 910, 950\r\n\r\nSundays (total 41 lines): 4, 20, 28, 33, 45, 51, 53, 55, 66, 78, 81, 90, 92, 102, 108, 110, 111, 120, 125, 165, 180, 182, 204, 206, 207, 210, 212, 232, 234, 256, 265, 266, 267, 268, 602, 605, 662, 665, 720, 910, 950","intro_05":"We’re making some route changes to various bus lines, improving access to key destinations, such as:\n\nOptimizing Line 76 to provide a more direct route to downtown LA via Alameda St and 1st St and provide direct connectivity with the Little Tokyo/Arts District A & E Line Station.\n\nExtending Line 217 from the Mid-City/Hollywood area to Eagle Rock Plaza through Glendale via Los Feliz Bl and Brand Bl.  \n\nMerging Lines 267 and 686 to become an extension of Line 267, providing more convenient opportunities for local travel through Pasadena.  \n\nModifying Line 268 route to restore bus service to the City of Sierra Madre and connectivity to the El Monte Metrolink Station.  \n\nWe are also improving efficiency by discontinuing some very low usage trips on various lines to reinvest in added service hours for improved frequency, reliability and access listed above.  ","intro_06":"The following lines will see a small reduction in the number of trips (between one and five less) as Metro aligns service levels with actual ridership:\r\n\r\nWeekday (total 23 lines): 18, 40, 51, 60, 66, 78, 90, 106, 108, 111, 152, 164, 166, 207, 210, 224, 230, 234, 240, 246, 487, 605, 761    \r\n\r\nSaturday (total 9 lines): 55, 106, 108, 111, 204, 207, 210, 246, 605\r\n\r\nSunday (total 10 lines): 55, 106, 108, 111, 204, 207, 210, 246, 251, 605","intro_07":"The following lines will see a small reduction in numbers of trips that impacts the first or last trip on weekdays and/or weekends as Metro aligns service levels with actual ridership and reinvests savings into service improvements across the Metro bus network:\r\n\r\nLines 35, 38, 127, 150, 154, 155, 169, 177, 179, 202, 205, 211, 215, 218, 222, 242, 243, 244, 256, 258, 287, 294, 577, 601, 611, 617, 660, 662, 665\r\n\r\nMore details on the bus service changes are provided within.","intro_08":"Rail:\r\nThere are no planned rail service changes for June 23, 2024, but look out for changes to the C and K Lines later in 2024."},"updates":{"2":{"update":"","reason":"","map":"test.png","schedule":"002_TT_06-23-24.pdf","description":"Westwood - USC","lineLabel":"2","arterials":"Sunset Bl"},"4":{"update":"","reason":"","map":"","schedule":"004_TT_06-23-24.pdf","description":"Santa Monica - Downtown LA","lineLabel":"4","arterials":"Santa Monica Bl"},"14":{"update":"","reason":"","map":"","schedule":"014_TT_06-23-24.pdf","description":"Cedars Sinai Medical Center - Downtown LA","lineLabel":"14","arterials":"Beverly Bl"},"18":{"update":"","reason":"","map":"","schedule":"018_TT_06-23-24.pdf","description":"Wilshire/Western Station - Montebello Metrolink Station","lineLabel":"18","arterials":"6th St, Whittier Bl"},"20":{"update":"All Line 20 eastbound trips that start from Veteran Av south of Wilshire Bl at Westwood will be altered to travel via Veteran Av, right Santa Monica Bl, right Sepulveda Bl, right Wilshire Bl and usual route to downtown LA. No change to westbound trips. At Santa Monica, all trips westbound will use 7th St instead of Lincoln Bl.","reason":"Buses will no longer be allowed to travel through the federal GSA building grounds. Using 7th St at Santa Monica will avoid the delays being experienced due to construction on Lincoln Bl.","map":"","schedule":"020_TT_06-23-24.pdf","description":"Westwood/Santa Monica - Downtown LA","lineLabel":"20","arterials":"Wilshire Bl"},"28":{"update":"","reason":"","map":"","schedule":"028_TT_06-23-24.pdf","description":"Century City - Downtown LA","lineLabel":"28","arterials":"Olympic Bl"},"30":{"update":"Adjust peak weekday frequency from every 7-8 minutes to every 10 minutes. Adjust daytime Saturday and Sunday frequency from every 10 minutes to every 15 minutes.","reason":"To match service level with ridership levels, as planned in NextGen Bus Plan. Hours of service reallocated to improvements on other lines.","map":"","schedule":"030_TT_06-23-24.pdf","description":"Pico Rimpau Transit Center - Indiana Station","lineLabel":"30","arterials":"Pico Bl, 1st St"},"33":{"update":"","reason":"","map":"","schedule":"033_TT_06-23-24.pdf","description":"Santa Monica - Downtown LA","lineLabel":"33","arterials":"Venice Bl"},"35":{"update":"The 12:08am trip westbound from 7th & Maple to Washington/Fairfax weekdays, Saturdays and Sundays will be discontinued (last trip westbound will be 11:08pm). ","reason":"Very low ridership. Reallocate service hours to improvements on other lines.","map":"","schedule":"035_TT_06-23-24.pdf","description":"Downtown LA - Washington/Fairfax Transit Hub","lineLabel":"35","arterials":"Washington Bl"},"37":{"update":"","reason":"","map":"","schedule":"037_TT_06-23-24.pdf","description":"Downtown LA - Washington/Fairfax","lineLabel":"37","arterials":"Adams Bl"},"38":{"update":"The 12:12am trip westbound from Spring/7th to Jefferson/10th and return trip at 12:42am from Jefferson/10th to Spring/7th weekdays, Saturdays and Sundays will be discontinued (last trip westbound will be 11:12pm; last trip eastbound will be 11:30pm). ","reason":"Very low ridership. Reallocate service hours to improvements on other lines.","map":"","schedule":"038_TT_06-23-24.pdf","description":"Washington/Fairfax - Downtown LA","lineLabel":"38","arterials":"Jefferson Bl"},"40":{"update":"","reason":"","map":"","schedule":"040_TT_06-23-24.pdf","description":"South Bay/Redondo Beach Transit Center - Downtown LA","lineLabel":"40","arterials":"MLK Bl, Hawthorne Bl"},"45":{"update":"","reason":"","map":"","schedule":"045_TT_06-23-24.pdf","description":"Harbor Freeway Station - Lincoln Heights","lineLabel":"45","arterials":"Broadway"},"51":{"update":"","reason":"","map":"","schedule":"051_TT_06-23-24.pdf","description":"CSU Dominguez Hills - Westlake/MacArthur Park Station","lineLabel":"51","arterials":"7th St, Avalon Bl"},"53":{"update":"","reason":"","map":"","schedule":"053_TT_06-23-24.pdf","description":"CSU Dominguez Hills - Downtown LA","lineLabel":"53","arterials":"Central Av"},"55":{"update":"","reason":"","map":"","schedule":"055_TT_06-23-24.pdf","description":"Willowbrook/Rosa Parks Station - Downtown LA","lineLabel":"55","arterials":"Compton Av"},"60":{"update":"","reason":"","map":"","schedule":"060_TT_06-23-24.pdf","description":"Artesia Station - Downtown LA","lineLabel":"60","arterials":"Long Beach Bl"},"62":{"update":"","reason":"","map":"","schedule":"062_TT_06-23-24.pdf","description":"Hawaiian Gardens - Downtown LA","lineLabel":"62","arterials":"Telegraph Rd"},"66":{"update":"","reason":"","map":"","schedule":"066_TT_06-23-24.pdf","description":"Wilshire Center - Montebello Metrolink Station","lineLabel":"66","arterials":"8th St, Olympic Bl"},"70":{"update":"","reason":"","map":"","schedule":"070_TT_06-23-24.pdf","description":"Downtown LA - El Monte","lineLabel":"70","arterials":"Cesar Chavez Av, Atlantic Bl, Garvey Av"},"76":{"update":"Line 76 route will be modified in downtown LA to operate directly via Main St, Alameda St and 1st St, to provide direct access to the Little Tokyo/Arts District A & E Line Station. Line 76 will continue to serve Union Station on Alameda St, but will no longer travel via Spring St, Cesar Chavez Av, Vignes St or southbound via Chinatown Station. Eastbound the new routing will include a short segment of Central Av and 2nd St to reach Alameda St. ","reason":"Achieve faster access to/from downtown LA and new direct connectivity with the Little Tokyo/Arts District Station.","map":"","schedule":"076_TT_06-23-24.pdf","description":"Downtown LA - El Monte","lineLabel":"76","arterials":"Valley Bl"},"78":{"update":"","reason":"","map":"","schedule":"078_TT_06-23-24.pdf","description":"Downtown LA - Arcadia","lineLabel":"78","arterials":"Las Tunas Av, Huntington Dr"},"81":{"update":"Line 81 will be relocating its northern terminal at Eagle Rock Plaza from eastbound on Colorado Bl at Eagle Dale Av to westbound Colorado Bl at Eagle Dale Av. On departing southbound, Line 81 buses will travel clockwise westbound via Colorado Bl, right Verdugo Rd, right Broadway, left Colorado Bl and regular route southbound. There are no other changes to the route for Line 81.","reason":"To accommodate Line 217 extension to Eagle Rock Plaza at the Colorado & Eagle Dale terminal. ","map":"","schedule":"081_TT_06-23-24.pdf","description":"Eagle Rock - Harbor Freeway Station","lineLabel":"81","arterials":"Figueroa St"},"90":{"update":"","reason":"","map":"","schedule":"090_TT_06-23-24.pdf","description":"Downtown LA - North Hollywood","lineLabel":"90","arterials":"Glendale Av, Foothill Bl, Vineland Av"},"92":{"update":"","reason":"","map":"","schedule":"092_TT_06-23-24.pdf","description":"Downtown LA - Sylmar Station","lineLabel":"92","arterials":"Glendale Bl, Glenoaks Bl"},"96":{"update":"This line will now be operated by Southland Transit instead of Transdev. No change to route or schedule.","reason":"Transdev will no longer contract with Metro for bus service operations.","map":"","schedule":"","description":"Union Station/Chinatown - Burbank Station","lineLabel":"96","arterials":"Griffith Park Dr"},"102":{"update":"","reason":"","map":"","schedule":"102_TT_06-23-24.pdf","description":"LAX City Bus Center - South Gate","lineLabel":"102","arterials":"La Tijera Bl, Exposition Bl"},"106":{"update":"","reason":"","map":"","schedule":"106_TT_06-23-24.pdf","description":"Monterey Park - Montebello","lineLabel":"106","arterials":"Garvey Av, 1st Av"},"108":{"update":"Line 108 trips that start and end at City of Commerce (Eastern Av) will have that terminus moved slightly north to Eastern Av northbound approaching Harbor St.","reason":"To accommodate City of Commerce converting Eastern Av into a multi-lane road.","map":"","schedule":"108_TT_06_23_24.pdf","description":"Marina Del Rey - Pico Rivera","lineLabel":"108","arterials":"Slauson Av"},"110":{"update":"","reason":"","map":"","schedule":"110_TT_06_23_24.pdf","description":"Playa Vista - Bell Gardens","lineLabel":"110","arterials":"Jefferson Bl, Gage Av"},"111":{"update":"","reason":"","map":"","schedule":"111_TT_06-23-24.pdf","description":"LAX City Bus Center - Norwalk Station","lineLabel":"111","arterials":"Florence Av"},"120":{"update":"Adjust weekday service frequency after 12pm from every 40 to every 45 minutes.","reason":"To improve reliability and reduce customer wait times through more accurate schedules.","map":"","schedule":"120_TT_06-23-24.pdf","description":"Aviation/LAX Station - Whittwood Center","lineLabel":"120","arterials":"Imperial Hwy"},"125":{"update":"","reason":"","map":"","schedule":"125_TT_06-23-24.pdf","description":"El Segundo - Norwalk Station","lineLabel":"125","arterials":"Rosecrans Av"},"127":{"update":"Revise schedule daytime weekdays, Saturdays and Sundays to replace the pattern of alternating trips between Harbor Freeway Station – Compton Station and Harbor Freeway Station – Downey with all daytime trips operating between Harbor Freeway Station – Compton Station – Downey every 30 minutes weekdays and every 40 minutes Saturdays and Sundays. Last trips weeknights, Saturdays and Sundays will be eastbound from Harbor Freeway Station at 11:59pm and westbound from Compton Station at 11:20pm. The 12:40am eastbound trip from Harbor Freeway Station and the 11:59pm westbound trip from Compton Station will be discontinued. Also, weekdays, Saturdays and Sundays the 4:33am eastbound trip from Harbor Freeway Station and the 4:44am westbound trip from Compton Station will be discontinued.","reason":"To promote increased ridership by extending all daytime trips to Downey. Discontinued trips had very low ridership.","map":"","schedule":"127_TT_06-23-24.pdf","description":"Harbor Freeway Station - Downey","lineLabel":"127","arterials":"Compton Bl, Broadway"},"150":{"update":"The eastbound trips weekdays, Saturdays and Sundays at 12:24am, 1:24am; 2:24am, 3:24am, 4:24am from Canoga Station will be discontinued. The westbound trips weekdays, Saturdays and Sundays at 12:45am, 1:45am; 2:45am, 3:45am, 4:45am from Canoga Station will be discontinued. Last trips weeknights, Saturdays, and Sundays will be eastbound from Chatsworth Station 11:02pm and westbound from Ventura/Reseda at 11:53pm with 60-minute service frequency operating after 9pm in each direction (instead of every 30–45 minutes). Weekday service eastbound before 5am and westbound in the 5am and 6pm hours will be every 30 minutes instead of every 20 minutes.","reason":"Discontinued trips had very low ridership. Reallocate service hours to improvements on other lines.","map":"","schedule":"150_TT_06-23-24.pdf","description":"Chatsworth - Encino","lineLabel":"150","arterials":"Topanga Canyon Bl, Ventura Bl"},"152":{"update":"Additional trips scheduled weekdays to create a 10-minute frequency (improved from every 15 minutes) westbound in the 7am hour and eastbound in the 7am, 3pm and 4pm hours.","reason":"To accommodate increased ridership. Part of the North San Fernando Valley Transit Corridor Improvements Project. ","map":"","schedule":"152_TT_ 06-23-24.pdf","description":"West Hills Medical Center - North Hollywood Station","lineLabel":"152","arterials":"Roscoe Bl"},"154":{"update":"The 5:20am trip eastbound from Sepulveda G Line Station Saturdays and Sundays will be discontinued (first trip eastbound Saturdays and Sundays will be at 6:20am).","reason":"Very low ridership. Reallocate service hours to improvements on other lines.","map":"","schedule":"154_TT_06-23-24.pdf","description":"Van Nuys - Burbank Station","lineLabel":"154","arterials":"Oxnard St, Burbank Bl"},"155":{"update":"The 4:18am trip northbound from Burbank Station Saturdays and Sundays will be discontinued (first trip northbound Saturday and Sunday will be at 5:18am). The 4:34am trip southbound from North Hollywood Station Saturdays and Sundays will be discontinued (first trip southbound will be at 5:29am Saturday and Sunday).","reason":"Very low ridership. Reallocate service hours to improvements on other lines.","map":"","schedule":"155_TT_06-23-24.pdf","description":"Burbank Station - North Hollywood Station","lineLabel":"155","arterials":"Riverside Dr, Olive St"},"158":{"update":"Additional trips scheduled daytime weekdays serving the section of Line 158 on Woodman Av, creating a 30-minute (improved from 60-minute) service on the Woodman Av segment between Ventura Bl and Van Nuys Bl.","reason":"To promote increased ridership.","map":"","schedule":"158_TT_06-23-24.pdf","description":"Chatsworth Station - Sherman Oaks","lineLabel":"158","arterials":"Devonshire, Woodman"},"161":{"update":"","reason":"","map":"","schedule":"161_TT_06-23-24.pdf","description":"Thousand Oaks - Canoga Station","lineLabel":"161","arterials":"Westlake Village, Agoura Hills, Calabasas"},"164":{"update":"","reason":"","map":"","schedule":"164_TT_06-23-24.pdf","description":"West Hills - Burbank","lineLabel":"164","arterials":"Victory Bl"},"165":{"update":"","reason":"","map":"","schedule":"165_TT_06-23-24.pdf","description":"West Hills - Burbank","lineLabel":"165","arterials":"Vanowen St"},"166":{"update":"Additional trips scheduled weekdays to create a 10-minute frequency (improved from every 15 minutes) westbound in the 6am & 7am hours and eastbound in the 4pm & 5pm hours.","reason":"To accommodate increased ridership. Part of the North San Fernando Valley Transit Corridor Improvements Project.","map":"","schedule":"166_TT_06-23-24.pdf","description":"Chatsworth - Sun Valley","lineLabel":"166","arterials":"Nordhoff St, Osborne St"},"167":{"update":"This line will now be operated by Metro bus operators from Chatsworth Division 8 (no longer contracted to Transdev). No change to route or schedule.","reason":"Transdev will no longer contract with Metro for bus service operations.","map":"","schedule":"","description":"Chatsworth Station - Studio City","lineLabel":"167","arterials":"Plummer, Coldwater Canyon"},"169":{"update":"Additional trip will be scheduled weekday AM peak westbound and PM peak eastbound, creating a 30-minute (improved from 60-minute) service in those time periods between West Hills Medical Center and Hollywood Burbank Airport (RITC). Also, the westbound weekday trip at 6:11am from West Hills Medical Center to Canoga Station will be discontinued due to very low usage and the westbound 6:14am trip from Saticoy & Woodley will be extended to begin at Hollywood Burbank Airport (RITC).","reason":"To promote increased ridership in response to customer requests.","map":"","schedule":"169_TT_06-23-24.pdf","description":"Warner Center - Burbank Airport","lineLabel":"169","arterials":"Valley Circle, Saticoy St"},"177":{"update":"The 5:20am and 6:57pm trips northbound weekdays from Pasadena to the JPL will be discontinued (first and last trips northbound weekdays will be 5:50am and 6:24pm). The 5:47am and 7:23pm trips southbound weekdays from the JPL to Pasadena will be discontinued (first and last trips southbound weekdays will be 6:17am and 6:50pm). This line will now be operated by MV Transportation instead of Transdev.","reason":"Very low ridership. Reallocate service hours to improvements on other lines. Transdev will no longer contract with Metro for bus service operations. ","map":"","schedule":"177_TT_06-23-24.pdf","description":"Pasadena (Caltech) - JPL","lineLabel":"177","arterials":"I-210, Del Mar Bl"},"179":{"update":"The 4:24am and 12:02am trips westbound weekdays from Arcadia Station to Rose Hill Transit Center will be discontinued (first and last trips westbound weekdays will be 5:24am and 11pm). The 5:05am and 12:02am trips westbound Saturdays and Sundays from Arcadia Station to Rose Hill Transit Center will be discontinued (first and last trips westbound Saturdays and Sundays will be 5:45am and 11pm). The 12:44am trip eastbound weekdays, Saturdays and Sundays from Rose Hill Transit Center to Arcadia Station will be discontinued (last trip eastbound weekdays, Saturdays, and Sundays will be 11:43pm).","reason":"Very low ridership. Reallocate service hours to improvements on other lines.","map":"","schedule":"179_TT_06-23-24.pdf","description":"Rose Hill Transit Center - Arcadia","lineLabel":"179","arterials":"Huntington Dr"},"180":{"update":"As a result of Line 217 being extended from East Hollywood to Glendale and Eagle Rock Plaza via mostly the same routing as Line 180, the weekday daytime service frequency for Line 180 will be adjusted from every 10 to every 12 minutes, with Saturday and Sunday adjusting from every 12 to every 15 minutes. The schedule will be coordinated with the schedule of Line 217 to maximize service frequency on the shared section of these lines to every 6 minutes between Hollywood and Glendale.","reason":"To accommodate Line 217 extension to Eagle Rock Plaza via Glendale.","map":"","schedule":"180_TT_06-23-24.pdf","description":"Hollywood - Pasadena","lineLabel":"180","arterials":"Los Feliz Bl, Colorado Bl"},"182":{"update":"","reason":"","map":"","schedule":"182_TT_06-23-24.pdf","description":"East Hollywood - Rose Hill","lineLabel":"182","arterials":"Fletcher Dr, York Bl"},"202":{"update":"The 7:01pm trip northbound weekdays from Del Amo Station will be discontinued (last trip northbound weekdays will be 5:59pm).","reason":"Very low ridership. Reallocate service hours to improvements on other lines.","map":"","schedule":"202_TT 06_23_24.pdf","description":"Del Amo Station - Willowbrook","lineLabel":"202","arterials":"Willowbrook Av"},"204":{"update":"","reason":"","map":"","schedule":"204_TT_06-23-24.pdf","description":"Vermont/Athens Station - Hollywood","lineLabel":"204","arterials":"Vermont Av"},"205":{"update":"The 5:10am trip northbound Saturdays and Sundays from Del Amo & Avalon to Willowbrook Station will be discontinued (first trip northbound weekdays will be at 4:53am from San Pedro passing Del Amo & Avalon 6.03am).","reason":"Very low ridership. Reallocate service hours to improvements on other lines.","map":"","schedule":"205_TT_06-23-24.pdf","description":"San Pedro - Willowbrook/Rosa Parks Station","lineLabel":"205","arterials":"Wilmington Av, Vermont Av"},"206":{"update":"","reason":"","map":"","schedule":"206_TT_06-23-24.pdf","description":"Vermont/Athens Station - Hollywood","lineLabel":"206","arterials":"Normandie Av"},"207":{"update":"","reason":"","map":"","schedule":"207_TT_06-23-24.pdf","description":"Crenshaw Station - Hollywood","lineLabel":"207","arterials":"Western Av"},"210":{"update":"","reason":"","map":"","schedule":"210_TT_06-23-24.pdf","description":"South Bay/Redondo Beach Transit Center - Hollywood/Vine Station","lineLabel":"210","arterials":"Crenshaw Bl"},"212":{"update":"","reason":"","map":"","schedule":"212_TT_06-23-24.pdf","description":"Hawthorne/Lennox Station - Hollywood/Highland Station","lineLabel":"212","arterials":"La Brea Av"},"217":{"update":"Line 217 will be extended from East Hollywood to Glendale and Eagle Rock Plaza. It will travel as usual to/from La Cienega/Jefferson Station to Hollywood Bl, and extend via Hollywood Bl, left Vermont Av, right Los Feliz Bl, left Brand Bl, right Broadway, right Verdugo Rd, left Colorado Bl to terminate Colorado Bl farside Eagle Dale Av near Eagle Rock Plaza. Line 217 westbound trips will depart Eagle Rock Plaza via Colorado Bl, left El Verano, right Broadway, right Colorado St, right Verdugo Rd, left Broadway, left Brand Bl, right Los Feliz Bl, left Vermont Av, right Hollywood Bl and as usual to La Cienega/Jefferson Station. The Glendale/Eagle Rock Plaza extension of Line 217 will apply weekdays and weekends to all Line 217 trips except between 10pm and 4am when Line 217 will continue to extend from East Hollywood to Vermont/Santa Monica Station to meet up with the Line 4 overnight owl service. Line 217 weekday daytime service frequency will be adjusted from every 10 to every 12 minutes weekdays, with Saturday and Sunday adjusting from every 12 to every 15 minutes. The schedule will be coordinated with the schedule of Line 180 which will overlap between Hollywood and Glendale, maximizing service frequency on the shared section of these lines.","reason":"To provide more convenient direct access between Mid-City, Hollywood and Glendale. This is the first step in the eventual consolidation of Line 217 into Line 180.","map":"","schedule":"217_TT_06-23-24.pdf","description":"La Cienega Station - Vermont/Sunset Station","lineLabel":"217","arterials":"Hollywood Bl, Fairfax Av"},"218":{"update":"The 5am trip northbound and 5:01am trip southbound weekdays between Studio City and Beverly Hills will be discontinued (first trips will be 5:55am northbound and 5:56am southbound weekdays). This line will be operated by Southland Transit instead of Transdev.","reason":"Very low ridership. Reallocate service hours to improvements on other lines. Transdev will no longer contract with Metro for bus service operations. ","map":"","schedule":"218_TT_06-23-24.pdf","description":"Cedars Sinai Medical Center - Studio City","lineLabel":"218","arterials":"Laurel Canyon Bl, Fairfax Bl"},"222":{"update":"The 5:14am, 6:14am, 7:14pm and 8:14pm trips northbound from Universal City/Studio City Station weekdays and 7:15pm, 8:19pm and 9:22pm trips southbound from Sun Valley will be discontinued, with the 4:52am and 5:21am southbound trips merged as one trip at 5:06am and the 5:49 and 6:19am southbound trips merged as one trip at 6:04am. Sixty-min service will operate before 7am and after 7pm weekdays.","reason":"Low ridership. Reallocate service hours to improvements on other lines.","map":"","schedule":"222_TT_06-23-24.pdf","description":"Hollywood - Sun Valley","lineLabel":"222","arterials":"Hollywood Wy, Riverside Dr"},"224":{"update":"","reason":"","map":"","schedule":"224_TT_06-23-24.pdf","description":"Universal City Station - Sylmar Station","lineLabel":"224","arterials":"San Fernando Rd, Lankershim Bl"},"230":{"update":"","reason":"","map":"","schedule":"230_TT_06-23-24.pdf","description":"Studio City - Sylmar Metrolink Station","lineLabel":"230","arterials":"Laurel Canyon Bl"},"232":{"update":"","reason":"","map":"","schedule":"232_TT_06-23-24.pdf","description":"Long Beach - LAX City Bus Center","lineLabel":"232","arterials":"Sepulveda Bl, Pacific Coast Hwy"},"234":{"update":"Revised schedules weekdays, Saturdays and Sundays to reflect faster service with the new Sepulveda Bl bus lanes.","reason":"To reflect faster service with the new Sepulveda Bl bus lanes.","map":"","schedule":"234_TT_06-23-24.pdf","description":"Sherman Oaks - Sylmar","lineLabel":"234","arterials":"Sepulveda Bl"},"237":{"update":"","reason":"","map":"","schedule":"237_TT_06-23-24.pdf","description":"Encino - North Hollywood","lineLabel":"237","arterials":"White Oak Av, Rinaldi St, Woodley Av"},"240":{"update":"","reason":"","map":"","schedule":"240_TT_06-23-24.pdf","description":"Northridge - Universal/Studio City Station","lineLabel":"240","arterials":"Reseda Bl, Ventura Bl"},"244":{"update":"The weekday 4:42am, 8:42pm southbound trips and 7:57pm, 8:57pm northbound trips weekdays will be discontinued (first trip southbound weekdays will be 5:12am).","reason":"Very low ridership. Reallocate service hours to improvements on other lines.","map":"","schedule":"244_TT_06-23-24.pdf","description":"Woodland Hills - Chatsworth Station","lineLabel":"244","arterials":"De Soto Av"},"246":{"update":"","reason":"","map":"","schedule":"246_TT_06-23-24.pdf","description":"San Pedro - Harbor Gateway Transit Center ","lineLabel":"246","arterials":"Avalon Bl"},"251":{"update":"","reason":"","map":"","schedule":"251_TT_06-24-23.pdf","description":"Long Beach Bl C Line Station - Eagle Rock","lineLabel":"251","arterials":"Soto St"},"256":{"update":"Weekdays, the 4:37am & 10:07pm northbound and 4:30am southbound trips will be discontinued. The first and last trips northbound weekdays will be 5:30am and 9:10pm. The first southbound trip weekdays will be 5:28am. Saturdays and Sundays the 5:07am northbound and 5am southbound trips will be discontinued. The first trip northbound Saturdays and Sundays will be 6:03am and the first southbound trip Saturdays and Sundays will be 5:52am.","reason":"Very low ridership. Reallocate service hours to improvements on other lines.","map":"","schedule":"256_TT_06-23-24.pdf","description":"CalState LA Transit Center - Sierra Madre Villa Station","lineLabel":"256","arterials":"Eastern Av, Washington Bl"},"258":{"update":"The 7:48pm northbound trip from Paramount and Alondra weekdays will be altered to 8:08pm with the last northbound trip at 10:30pm from Cal State LA Transit Center. The 9:33pm and 10:15pm southbound trips from Highland Park will be combined as one trip departing at 9:53pm.","reason":"Very low ridership. Reallocate service hours to improvements on other lines.","map":"","schedule":"258_TT_06-23-24.pdf","description":"Paramount - Highland Park","lineLabel":"258","arterials":"Fremont Av, Eastern Av, York Bl"},"260":{"update":"","reason":"","map":"","schedule":"260_TT_06-23-24.pdf","description":"Artesia Station - Pasadena","lineLabel":"260","arterials":"Fair Oaks Av, Atlantic Bl"},"265":{"update":"Weekday service will be increased from every 60 minutes to every 40–45 minutes.","reason":"To increase ridership.","map":"","schedule":"265_TT_06-23-24.pdf","description":"Lakewood Center Mall - Pico Rivera","lineLabel":"265","arterials":"Paramount Bl"},"266":{"update":"","reason":"","map":"","schedule":"266_TT_06-23-24.pdf","description":"Lakewood Center Mall - Sierra Madre Villa Station","lineLabel":"266","arterials":"Rosemead Bl"},"267":{"update":"Line 267 will be extended from Pasadena to Altadena, replacing Line 686 on Colorado Bl and Allen Av. As part of this change, weekday service on this former Line 686 segment will be increased from every 60 minutes to every 30 minutes. This merger of lines 267 and 686 will also allow for new local travel options in Pasadena. The change will also extend the operating hours of Line 267 until 9pm, while maintaining the hours of operation of former Line 686 weekdays. Saturdays and Sundays, the last trips will depart southbound at 8:35pm and northbound at 9pm from El Monte/9:38pm from Del Mar Station. There is no change to the current alignment of Line 267 between El Monte and Pasadena to Del Mar Station.","reason":"To achieve increased ridership through increased frequency, extended hours of operation and improved local access.","map":"","schedule":"267_TT_06-23-24.pdf","description":"El Monte Station - Pasadena","lineLabel":"267","arterials":"Del Mar Bl, Temple City Bl"},"268":{"update":"Line 268 will have two route modifications: (1) The route is being extended to Sierra Madre Bl, travelling via Baldwin Av, Sierra Madre Bl, and Sierra Madre Villa Av instead of travelling via Foothill Bl direct to/from Sierra Madre Villa Station. This is at the request of City of Sierra Madre residents to restore bus service enabling regional transit connectivity for seamless travel throughout the county. Metro Micro on demand service will continue to be available in the City of Sierra Madre. (2) Line 268 will be rerouted via Tyler Av, Valley Bl and Santa Anita Av, discontinuing low usage segments on Tyler Av and Ramona Bl, to provide new connectivity to the El Monte Metrolink station.","reason":"To enhance transit options for the City of Sierra Madre and new direct connectivity to the El Monte Metrolink station.","map":"","schedule":"268_TT_06-23-24.pdf","description":"El Monte Station - Sierra Madre Villa Station","lineLabel":"268","arterials":"Baldwin Av"},"287":{"update":"The weekday 5:24am northbound trip and 4:31am, 10:38pm southbound trips will be discontinued (first northbound and southbound trips weekdays will be 5:33am and 5:16am, respectively, and the last southbound trip will be 9:46pm).The Saturday/Sunday 10pm northbound and 10:27pm southbound trips will be discontinued (first last northbound and southbound trips Saturday/Sunday will be 9pm and 9:27pm, respectively).","reason":"Very low ridership. Reallocate service hours to improvements on other lines.","map":"","schedule":"287_TT_06-23-24.pdf","description":"The Shops at Montebello - Arcadia Station","lineLabel":"287","arterials":"Santa Anita Av"},"294":{"update":"Weekdays, Saturdays and Sundays the 12:49am trip southbound trip will be discontinued (last southbound trip will be 11:49pm). Saturdays/Sundays the 5:19am and 7:24pm northbound and 5:20am and 7:19pm southbound trips will be discontinued with hourly service remaining in the 5am and 7pm hours.","reason":"Very low ridership. Reallocate service hours to improvements on other lines.","map":"","schedule":"294_TT_06-23-24.pdf","description":"Burbank Station - Sylmar Metrolink Station","lineLabel":"294","arterials":"San Fernando Rd"},"460":{"update":"Line 460 eastbound departing Norwalk Station will travel north on Hoxie Av, right Imperial Hwy and usual route. No changes to bus stops. Trip times will change in the 7am and 8am hours eastbound weekdays.","reason":"Avoid delays experienced on existing route via I-105, Studebaker Rd. Trip times altered to better match the increased ridership during this time period.","map":"","schedule":"460_TT_06-23-24.pdf","description":"Downtown LA - Disneyland","lineLabel":"460","arterials":"I-110 Freeway, I-105 Freeway"},"501":{"update":"This line will now be operated by Metro operators from Division 15 (Sun Valley) instead of Transdev. No change to route or schedule.","reason":"Transdev will no longer contract with Metro for bus service operations.","map":"","schedule":"","description":"North Hollywood Station - Pasadena","lineLabel":"501","arterials":"SR-134 Freeway"},"577":{"update":"Weekday service northbound after 8pm and southbound after 7pm will be altered from every 45 minutes to every 60 minutes. The last trip northbound will depart Long Beach VA Medical Center at 10:10pm, and last trip southbound from El Monte Station will depart at 8:44pm.","reason":"Low ridership. Reallocate service hours to improvements on other lines.","map":"","schedule":"577_TT_06-23-24.pdf","description":"Long Beach VA Medical Center - El Monte Station","lineLabel":"577","arterials":"I-605 Freeway"},"601":{"update":"Northbound service weekdays, Saturdays and Sundays will start later at 5:35am and end earlier at 10:54pm. Southbound service weekdays, Saturdays and Sundays will start later at 5:40am and end earlier at 10:59pm.","reason":"Very low ridership. Reallocate service hours to improvements on other lines.","map":"","schedule":"601_TT_06-23-24.pdf","description":"Kaiser/Warner Center Corporate Park - Canoga Station","lineLabel":"601","arterials":"Owensmouth Av, Canoga Av, Burbank Bl"},"602":{"update":"All Line 602 eastbound trips will be altered to travel normal route to Westwood Bl, right Kinross Av and terminate on Kinross Av approaching Weyburn Pl. All Line 602 trips westbound will depart from this location via Kinross Av, left Veteran Av, left Wilshire Bl, left Westwood Bl and as usual.  ","reason":"Buses will no longer be allowed to travel through the federal GSA building grounds.","map":"","schedule":"602_TT_06-23-24.pdf","description":"Pacific Palisades - Westwood","lineLabel":"602","arterials":"Sunset Bl"},"603":{"update":"This line will now be operated by MV Transportation instead of Transdev. No change to route or schedule.","reason":"Transdev will no longer contract with Metro for bus service operations.","map":"","schedule":"","description":"Grand/LATTC Station - Glendale Galleria","lineLabel":"603","arterials":"San Fernando Rd, Rampart St, Hoover St"},"605":{"update":"","reason":"","map":"","schedule":"605_TT_06-23-24.pdf","description":"Boyle Heights - LAC+USC Medical Center","lineLabel":"LAC+USC Medical Center Shuttle","arterials":null},"611":{"update":"Weekdays service schedule will be adjusted from every 60 minutes to every 65 minutes to improve reliability for riders. Saturdays and Sundays, the following trips will be discontinued: 5:19am and 9:30pm clockwise; 5:39am and 10pm counterclockwise.","reason":"Very low ridership. Reallocate service hours to improvements on other lines.","map":"","schedule":"611_TT_06-23-24.pdf","description":"Huntington Park Shuttle","lineLabel":"Huntington Park Shuttle","arterials":null},"617":{"update":"Eastbound weekdays, Saturdays and Sundays the 4:48am trip from Beverly & Pico will be discontinued (first trip eastbound weekdays will be 5:41am and Saturdays and Sundays will be 5:47am). Eastbound weekdays the 12:21am trip from Beverly & Pico will be discontinued (last trip eastbound weekdays will be 11:20pm). Eastbound Saturdays and Sundays the 11:43pm trip from Beverly & Pico will be discontinued(last trip eastbound Saturdays/Sundays will be 10:43pm). Westbound weekdays the 12:27am trip from Robertson & Venice will be discontinued (last trip westbound weekdays will be 11:27pm). Westbound Saturdays and Sundays the 5:40am and 11:43pm trips from Robertson & Venice will be discontinued (first and last trips westbound Saturdays/Sundays will be 6:39am and 10:43pm, respectively).","reason":"Very low ridership. Reallocate service hours to improvements on other lines.","map":"","schedule":"617_TT_06-23-24.pdf","description":"Pico/Robertson - Culver City Station","lineLabel":"Beverwil - Burton - Robertson Shuttle","arterials":"Beverwil Dr, Burton Wy, Robertson Bl"},"660":{"update":"Weekdays, Saturdays and Sundays the last southbound 1:14am trip from Fair Oaks & Loma Alta will be discontinued (last trip southbound will be 12:14am). Saturdays and Sundays the 5:45am trip southbound from Fair Oaks & Loma Alta and the northbound trip at 6:25am from Raymond & Del Mar will be discontinued.  ","reason":"Very low usage. Reallocate service hours to improvements on other lines.","map":"","schedule":"660_TT_ 06-23-24.pdf","description":"Pasadena - Altadena","lineLabel":"Del Mar Station - Altadena Shuttle","arterials":"Fair Oaks Av"},"662":{"update":"Saturdays and Sundays the 5am clockwise trip from Altadena & Lake will be discontinued (first clockwise trip will be 5:55am). Sundays the 11:59pm counterclockwise trip from Altadena & Lake will be discontinued (last counterclockwise trip will be 11pm).  ","reason":"Very low ridership. Reallocate service hours to improvements on other lines.","map":"","schedule":"662_TT_06-23-24.pdf","description":"Altadena - Pasadena Shuttle","lineLabel":"Altadena - Pasadena Shuttle","arterials":"Lake Av, Los Robles Av, Lincoln Av"},"665":{"update":"Northbound weekdays the 4:54am trip and Saturdays/Sundays the 5:08am trip from Indiana & Olympic will be discontinued (first trip northbound weekdays will be 5:55am, and Saturdays/Sundays will be 5:53am). Southbound weekdays the 10:13pm trip from Rose Hill Transit Center will be discontinued (last trip southbound weekdays will be 9:13pm). Southbound Saturdays and Sundays the 9:12pm trip from Rose Hill Transit Center will be discontinued (last trips southbound Saturdays/Sundays will be 8:08pm).","reason":"Very low ridership. Reallocate service hours to improvements on other lines.","map":"","schedule":"665_TT_06-23-24.pdf","description":"Cal State LA - Indiana Station","lineLabel":"CalState LA - City Terrace Shuttle","arterials":"Indiana St, Gage Ave, Eastern"},"686":{"update":"Line 267 will be extended from Pasadena to Altadena via Colorado Bl and Allen Av, replacing Line 686. As part of this change, weekday service on this former Line 686 segment will be increased from every 60 minutes to every 30 minutes. This merger of Lines 267 and 686 as new Line 267 will allow for new local travel options in Pasadena. The change will extend the operating hours of Line 267 until 9pm, while maintaining the hours of operationof former Line 686 weekdays. Saturdays and Sundays, the last trips will depart southbound at 8:35pm and northbound at 9pm from El Monte/ 9:38pm from Del Mar. There is no change to the routing of former Line 686 (now 267) from New York Dr and Allen Av to Del Mar Station.","reason":"To achieve increased ridership through increased frequency, extended hours of operation and improved local access.","map":"","schedule":"","description":"Pasadena - Altadena","lineLabel":"686","arterials":"Allen Av"},"690":{"update":"Weekdays, Saturdays and Sundays the last two trips eastbound and westbound at 10pm and 10:40pm will be merged into a single trip departing at 10:20pm.","reason":"Very low ridership. Reallocate service hours to improvements on other lines.","map":"","schedule":"690_TT_06-23-24.pdf","description":"Sylmar - Sunland","lineLabel":"690","arterials":"Foothill Bl, Roxford St, San Fernando Rd"},"720":{"update":"All Line 720 eastbound trips that start from Veteran Av south of Wilshire Bl at Westwood will be altered to travel via Veteran Av, right Santa Monica Bl, right Sepulveda Bl, right Wilshire Bl and usual route to downtown LA. No change to westbound trips. In Santa Monica, all trips westbound will use 7th St instead of Lincoln Bl.","reason":"Buses will no longer be allowed to travel through the federal GSA building grounds. Using 7th St at Santa Monica will avoid the delays being experienced due to construction on Lincoln Bl.","map":"","schedule":"720_TT_06-23-24.pdf","description":"Santa Monica - Downtown LA","lineLabel":"720","arterials":"Wilshire Bl"},"761":{"update":"","reason":"","map":"","schedule":"761_TT_06-23-24.pdf","description":"Expo/Sepulveda Station - Sylmar Station","lineLabel":"761","arterials":"San Fernando Bl, Van Nuys Bl, Sepulveda Bl"},"801":{"update":"","reason":"","map":"","schedule":"801_TT_06-23-24.pdf","description":"Long Beach - Azusa","lineLabel":"A Line","arterials":null},"804":{"update":"","reason":"","map":"","schedule":"804_TT_06-23-24.pdf","description":"Santa Monica - East Los Angeles","lineLabel":"E Line","arterials":null},"910":{"update":"","reason":"","map":"","schedule":"910_TT_06-23-24.pdf","description":"Harbor Gateway - El Monte","lineLabel":"J Line","arterials":null},"211/215":{"update":"The 5:47am northbound Line 211, 5:16am northbound 215 and 9:20am and 7:15pm southbound Line 215 trips weekdays will be discontinued. First trip northbound weekdays will be 6:35am for Line 211 and 6:17am for Line 215. Last trips southbound for Line 215 will be 7:49am and 6:19pm.","reason":"Very low ridership. Reallocate service hours to improvements on other lines.","map":"","schedule":"211-215_TT_06-23-24.pdf","description":"Redondo Beach - Inglewood","lineLabel":"211/215","arterials":"Prairie Av"},"242/243":{"update":"The 5:07am southbound Line 242 and 5:09am southbound Line 243 trips weekdays will be discontinued [first trips southbound weekdays will be 5:47am (242) and 5:49am (243)].","reason":"Very low ridership. Reallocate service hours to improvements on other lines.","map":"","schedule":"242-243_TT_06-23-24.pdf","description":"Tarzana - Northridge","lineLabel":"242/243","arterials":"Tampa Av"},"487/489":{"update":"","reason":"","map":"","schedule":"487-489_TT_06-23-24.pdf","description":"Downtown LA - Sierra Madre Villa Station","lineLabel":"487/489","arterials":null}},"lineList":["2","4","14","18","20","28","30","33","35","37","38","40","45","51","53","55","60","62","66","70","76","78","81","90","92","96","102","106","108","110","111","120","125","127","150","152","154","155","158","161","164","165","166","167","169","177","179","180","182","202","204","205","206","207","210","211/215","212","217","218","222","224","230","232","234","237","240","242/243","244","246","251","256","258","260","265","266","267","268","287","294","460","487/489","501","577","601","602","603","605","611","617","660","662","665","686","690","720","761","801","804","910"]}